94.84 ,107.32,144.97,102.39,102.32,122.81,81.30 ,108.62,130.79,108.59,195.97,150.31,170.39,203.07,126.25,223.84,174.21,158.18,161.94,100.51,195.35,196.77,187.14,253.75,148.96,259.27,121.80,105.01,186.49,228.04,209.16,189.91,189.35,220.89,191.04,188.73,241.82,207.29,263.57,281.59,140.76,196.95,254.96,215.60,152.02,206.42,191.39,148.19,261.83,134.12,240.86,229.02,127.66,244.41,250.14,189.92,262.08,207.67,253.75,170.41,265.27,256.37,285.39,240.64,257.71,148.26,238.82,168.86,133.49,188.84,288.85,276.90,201.92,255.77,185.07,282.43,283.88,283.05,197.82,156.65,325.38,308.90,293.11,303.77,189.47,313.59,286.95,219.04,168.28,216.28,208.94,295.87,246.68,134.58,198.49,242.66,211.07,289.03,316.22,227.74
78.82 ,99.47 ,110.47,108.79,118.60,100.81,101.88,122.67,141.75,101.92,165.23,197.76,152.07,147.02,194.28,103.85,115.32,97.53 ,139.15,186.70,200.91,218.57,163.68,195.97,147.89,197.57,186.67,178.89,199.58,124.12,190.66,175.44,195.32,105.93,92.87 ,133.51,246.53,227.55,223.26,159.28,247.86,251.82,114.89,248.39,247.22,146.41,254.70,155.24,250.13,277.47,234.30,261.47,255.19,170.25,226.72,259.48,214.04,70.06 ,210.95,126.25,175.05,207.73,190.34,158.75,96.22 ,166.05,274.08,243.29,218.30,259.55,258.28,298.37,229.42,277.99,172.39,170.85,296.14,271.29,138.69,264.54,250.52,213.62,280.90,100.96,284.26,196.48,195.30,166.37,282.98,277.28,181.57,275.17,217.93,212.32,285.22,158.92,223.29,273.55,285.00,198.91
85.87 ,92.98 ,77.50 ,107.77,130.35,146.13,115.50,110.48,149.97,124.42,205.91,152.54,184.78,145.67,182.79,174.84,110.50,174.25,145.85,156.10,188.97,155.41,204.18,157.86,204.35,201.94,178.27,119.38,129.34,187.03,214.89,209.35,129.29,248.93,188.03,176.23,215.23,177.70,146.83,163.37,141.72,233.79,231.15,103.81,104.56,148.92,219.46,137.99,253.16,187.72,230.44,149.04,222.89,247.48,288.00,169.05,152.61,226.77,252.34,238.71,155.79,274.19,249.67,213.47,205.09,292.92,206.86,276.96,141.36,188.23,218.39,296.06,209.16,219.27,189.57,191.13,118.21,269.54,275.67,211.13,174.03,245.86,175.15,222.90,277.03,230.39,292.93,138.82,255.06,157.54,209.31,287.70,191.50,185.74,181.84,309.42,231.41,309.46,308.05,253.65
92.31 ,95.58 ,130.33,113.52,102.18,131.89,136.95,154.27,109.59,172.54,137.79,151.73,121.72,149.97,93.16 ,182.15,171.66,167.02,140.69,197.15,112.52,197.19,175.11,131.87,120.74,161.54,154.70,228.16,217.35,219.40,147.66,242.96,241.47,211.90,214.07,186.89,181.44,229.97,162.80,224.82,222.71,244.35,219.32,196.55,179.52,190.13,239.13,237.52,234.47,180.98,220.56,186.10,246.03,155.01,163.24,161.97,197.54,268.56,271.77,178.80,199.46,259.12,269.47,264.15,261.12,178.46,160.62,170.93,193.50,198.83,235.38,158.34,268.12,209.28,248.76,282.95,216.57,162.91,156.99,288.08,238.10,311.54,165.73,230.88,315.57,237.14,336.58,312.15,291.65,229.31,147.56,138.42,181.73,269.99,185.34,232.00,145.36,281.32,191.90,186.73
71.31 ,98.14 ,98.37 ,145.78,109.10,124.93,124.24,147.44,122.66,144.34,152.30,188.69,162.36,178.21,146.29,166.20,194.46,200.46,186.27,170.63,137.78,140.68,133.39,147.82,135.77,180.08,163.54,204.76,196.57,146.49,218.33,201.62,158.96,164.23,140.97,140.71,188.95,186.31,230.03,234.56,223.46,244.94,136.85,235.69,261.44,253.07,125.81,208.69,146.80,250.86,160.42,178.72,270.76,264.46,234.97,137.34,147.41,229.76,160.35,223.79,271.07,260.41,282.28,199.60,165.87,188.28,257.79,196.52,175.02,165.51,136.26,181.23,181.08,180.12,200.78,167.46,234.60,257.54,264.17,159.91,189.05,194.74,322.21,201.77,198.82,176.47,222.79,225.19,210.54,214.04,186.50,201.93,191.84,325.05,168.09,202.32,170.27,310.36,190.96,240.06
83.30 ,98.69 ,127.09,126.21,97.43 ,133.29,115.16,129.90,132.08,110.50,93.79 ,183.49,172.52,173.41,141.17,137.96,205.54,164.11,206.70,126.43,200.19,185.22,125.43,115.84,166.29,205.13,195.66,196.49,190.08,151.92,136.67,136.89,137.29,181.12,227.35,220.28,160.43,168.72,178.41,187.58,254.60,229.21,152.51,175.13,195.87,222.04,170.95,129.86,228.42,228.32,256.20,258.04,177.20,222.63,251.82,216.43,156.11,216.09,274.69,200.14,171.11,233.67,234.16,289.61,176.95,263.98,244.81,191.04,249.79,155.51,163.44,306.02,211.98,203.58,214.54,232.06,119.17,218.19,281.50,177.70,262.03,232.72,241.92,235.32,309.48,235.86,227.51,243.81,235.56,205.60,230.64,256.34,247.18,265.32,185.78,256.73,278.93,284.57,209.28,176.50
106.12,103.22,119.83,110.04,142.95,90.78 ,144.41,169.96,128.86,168.01,113.89,138.77,150.58,138.94,153.58,179.50,157.50,135.36,187.74,185.81,200.74,179.20,144.41,191.97,125.23,156.59,191.05,212.94,134.33,136.18,192.28,196.18,136.03,220.15,223.92,254.11,211.27,161.46,192.16,212.92,201.30,211.98,191.35,160.61,127.58,135.73,229.16,172.58,137.66,227.30,230.70,191.69,156.71,220.52,289.79,206.32,141.19,269.99,253.67,279.87,230.99,265.24,168.81,240.97,232.72,292.58,221.32,254.66,255.90,210.81,203.05,188.89,206.09,231.86,301.15,237.56,212.05,289.64,229.88,186.47,232.57,224.95,220.20,228.78,192.02,133.70,260.15,167.53,257.96,176.38,310.57,190.40,193.47,266.76,166.52,208.26,247.16,293.70,261.62,172.50
99.45 ,129.30,96.26 ,117.08,115.12,108.23,159.37,79.58 ,117.26,136.90,141.36,103.56,190.01,139.86,167.92,168.83,169.52,141.75,156.26,154.60,179.34,178.41,121.83,157.08,215.77,249.82,163.30,129.65,227.65,179.92,192.68,210.01,231.19,114.44,229.07,235.83,230.91,228.20,164.59,146.01,204.88,224.14,265.85,254.38,126.70,158.31,231.72,154.55,267.95,205.81,172.51,259.05,146.26,139.45,184.17,245.57,223.58,168.48,229.86,162.79,238.15,246.32,285.06,220.25,190.49,191.93,277.75,234.03,172.10,304.44,199.59,219.62,157.56,268.12,182.08,252.05,237.34,179.96,172.63,234.16,180.05,307.49,243.33,187.07,327.34,195.01,299.37,210.30,290.13,242.34,295.46,234.46,279.52,187.65,222.53,215.79,235.74,195.29,198.59,303.22
79.70 ,125.07,117.01,179.62,114.42,111.85,99.08 ,121.89,99.66 ,117.92,157.22,139.52,124.70,156.01,108.86,151.69,123.79,142.40,172.02,223.69,172.60,214.47,151.67,211.77,209.34,216.42,233.15,196.05,188.84,138.77,142.62,222.64,225.40,241.88,165.00,141.16,159.27,203.77,237.26,222.35,161.81,161.63,156.67,172.31,221.97,236.63,194.43,225.47,227.06,253.80,196.70,158.24,254.89,195.80,244.35,174.59,176.08,259.59,159.07,300.76,190.53,282.82,234.88,248.74,253.13,273.99,228.61,174.05,225.76,171.00,228.02,208.20,291.24,217.99,268.11,209.37,195.62,299.98,163.28,153.61,272.11,287.61,215.46,301.86,223.40,277.73,285.94,234.01,256.07,175.27,262.06,194.28,218.15,222.08,320.44,301.63,248.94,203.15,222.80,305.43
92.70 ,116.09,101.29,122.19,108.14,120.20,160.99,151.41,147.58,197.58,144.09,184.38,128.24,132.94,182.26,111.64,163.73,170.40,193.73,206.70,96.02 ,141.06,169.78,197.08,214.57,121.76,233.47,223.97,124.46,247.66,217.73,171.38,128.95,162.50,123.07,274.13,199.70,217.94,184.08,185.42,120.65,228.22,178.07,216.16,184.34,217.48,222.56,296.82,157.02,171.21,217.31,146.45,152.46,184.47,151.48,221.80,171.32,171.31,178.90,216.42,136.12,121.43,278.74,184.09,259.89,248.11,166.48,322.60,166.58,175.96,141.17,282.76,212.74,263.13,204.50,153.50,248.05,325.65,282.59,209.71,198.67,234.99,193.48,232.51,279.36,256.41,292.08,166.96,219.56,231.33,168.15,278.76,173.77,277.63,140.98,234.93,253.41,294.98,180.15,295.61
92.37 ,124.87,115.44,106.98,152.42,88.02 ,154.52,139.48,122.93,143.41,153.34,134.84,139.18,169.70,157.44,150.33,180.53,160.09,226.53,115.94,236.64,163.84,173.88,174.24,173.89,254.36,172.83,147.99,223.14,116.78,214.66,256.14,114.69,138.50,214.56,185.07,268.32,188.58,238.44,281.67,120.99,187.04,191.00,209.28,199.21,159.73,257.47,130.47,174.22,241.61,162.79,208.77,257.60,202.07,166.05,249.96,283.13,164.72,160.53,319.59,220.98,175.62,298.57,272.90,259.95,249.84,197.90,202.84,267.66,219.05,290.59,250.66,282.51,314.79,264.25,191.70,137.55,214.33,318.19,276.47,182.09,299.27,183.22,277.73,206.87,217.37,308.20,208.23,149.14,236.78,170.69,197.20,200.26,230.19,271.49,211.69,221.77,345.87,216.51,212.08
103.23,71.52 ,100.04,139.99,97.01 ,102.18,189.52,78.68 ,150.16,102.89,145.23,158.82,107.40,185.28,131.34,124.37,143.48,126.83,210.84,185.67,195.39,222.61,157.69,163.53,145.48,151.98,136.47,152.58,106.38,219.38,252.49,121.81,218.36,247.91,215.57,152.67,170.57,130.26,211.32,234.16,173.78,268.46,218.87,195.42,238.32,211.15,201.27,176.06,140.42,264.11,247.58,278.39,234.44,248.46,162.93,147.61,246.75,243.74,230.83,269.26,243.10,145.25,205.59,196.75,182.54,215.34,220.83,243.28,256.26,265.30,278.73,171.19,179.34,189.36,228.96,166.13,223.08,219.31,249.94,256.97,174.01,207.17,219.07,212.37,185.61,165.67,239.76,274.47,207.67,293.67,302.05,282.75,267.87,244.33,214.26,303.51,165.03,223.99,191.62,297.75
114.23,124.68,129.34,141.26,117.60,128.20,99.11 ,173.40,154.89,124.71,154.38,125.18,154.83,169.05,157.43,184.04,177.35,120.16,169.05,185.39,190.06,157.85,197.73,134.72,190.55,133.63,243.84,212.03,157.61,144.96,177.12,132.88,129.83,283.05,174.15,266.65,196.37,268.83,137.60,170.50,271.56,257.85,295.66,296.82,205.20,140.82,235.98,149.80,205.30,230.91,231.82,244.81,201.74,215.74,169.75,270.79,213.67,159.08,233.94,227.38,245.88,194.01,228.62,262.03,241.51,285.54,217.38,241.69,304.50,203.13,260.14,265.39,226.28,294.88,212.51,252.18,187.68,272.15,279.05,256.85,261.66,221.97,185.90,292.56,263.68,286.10,152.77,278.48,154.13,205.70,218.22,196.32,149.00,238.36,215.70,206.26,203.34,310.40,235.22,207.16
134.74,133.36,161.56,107.44,124.37,118.78,80.74 ,106.19,111.43,156.74,170.86,130.68,180.37,111.96,134.71,137.06,197.48,175.09,206.88,131.56,121.40,154.76,159.33,175.22,200.78,136.52,157.89,114.33,216.93,236.36,183.36,104.44,261.77,151.23,141.69,216.68,193.58,235.68,255.13,232.17,252.40,195.68,229.66,139.47,152.84,168.38,165.79,263.07,206.67,200.95,230.26,184.97,178.75,312.30,181.67,224.78,185.26,332.21,208.49,172.94,307.50,195.94,228.87,263.61,182.20,227.74,239.13,227.79,209.36,264.58,271.84,170.84,245.25,296.03,190.24,177.06,137.17,190.45,242.12,196.28,253.97,175.53,145.96,189.99,281.98,194.00,206.09,276.48,214.70,246.43,287.56,217.37,311.14,179.76,289.14,288.67,295.61,201.73,326.36,268.22
116.41,136.32,100.76,133.42,131.86,129.66,163.72,135.25,141.76,120.79,136.45,153.71,171.47,182.31,225.99,144.40,136.33,142.61,150.92,217.50,211.56,216.85,102.33,122.78,208.66,213.21,265.04,189.48,189.81,138.97,194.54,159.83,253.74,276.03,215.69,198.16,277.50,134.46,122.39,135.60,236.95,204.97,259.70,160.03,261.31,132.48,224.54,248.98,234.22,150.96,217.08,196.24,263.43,162.94,215.01,233.80,142.02,230.40,173.48,254.99,167.20,189.44,208.14,160.21,153.55,173.55,146.06,173.61,271.07,321.18,182.63,159.90,207.25,206.76,280.00,198.50,223.74,228.22,253.15,149.68,248.45,205.20,191.81,188.38,127.43,260.59,326.07,314.36,352.73,287.26,294.41,279.40,233.81,245.84,291.91,314.27,232.64,289.12,184.42,260.29
71.94 ,122.56,88.24 ,97.52 ,152.83,96.50 ,120.96,170.14,198.39,157.74,136.66,128.55,129.47,105.34,156.81,154.02,183.39,114.81,122.19,185.04,159.92,196.89,133.67,189.30,180.24,174.48,218.07,205.46,227.90,207.55,211.28,197.39,152.44,224.86,153.45,166.56,134.46,264.62,275.66,233.79,145.35,220.40,237.32,128.36,236.00,259.94,225.19,237.08,290.87,278.68,288.37,258.28,233.40,243.42,260.44,242.55,276.98,208.58,269.85,247.18,231.75,246.09,244.27,238.28,275.89,149.18,214.87,149.40,190.11,157.52,145.70,199.95,273.01,252.83,174.46,274.88,173.59,196.91,150.22,255.91,147.15,252.17,205.61,189.25,179.70,285.56,205.13,175.24,192.91,208.17,145.46,276.58,192.37,308.03,186.37,241.94,328.68,262.65,303.25,209.89
76.38 ,161.95,127.56,110.80,125.89,120.85,96.60 ,114.58,142.11,216.27,192.15,146.86,147.62,200.40,170.42,151.40,174.24,129.75,189.48,119.67,150.97,209.22,177.60,190.68,226.65,215.98,121.35,124.08,168.02,205.54,175.75,218.79,196.47,268.44,227.71,158.02,154.79,290.86,282.13,121.63,221.20,243.32,164.01,217.72,272.17,246.32,239.32,205.02,154.45,184.77,231.97,155.02,188.75,188.55,275.28,264.54,124.60,204.09,284.14,265.37,286.74,221.03,296.71,294.11,303.86,204.51,126.18,157.36,238.90,173.03,267.58,284.85,273.66,218.60,161.18,251.40,215.38,182.01,228.75,199.94,210.00,205.22,261.79,277.34,267.47,166.64,259.57,321.23,318.19,304.59,233.63,265.20,262.90,143.08,201.21,303.75,303.54,215.94,201.23,178.18
82.42 ,79.86 ,102.81,138.55,127.47,170.59,128.58,88.59 ,203.50,140.52,140.34,167.75,159.68,169.78,159.29,98.66 ,175.02,120.44,232.77,196.22,197.17,203.49,204.59,252.79,150.55,224.33,231.70,108.56,232.50,132.25,147.72,125.92,156.24,144.07,233.46,208.19,218.22,128.38,254.56,222.87,154.04,140.89,198.58,252.50,270.52,300.72,216.23,151.89,263.15,301.64,287.98,176.97,260.41,170.38,184.91,188.01,227.05,213.54,241.42,145.27,204.78,162.12,241.99,246.04,228.69,164.78,193.27,175.29,234.37,207.75,188.80,164.47,321.79,339.82,283.59,204.78,161.76,227.02,160.41,162.97,218.79,237.45,243.32,246.99,285.75,241.97,225.89,149.24,218.19,192.19,167.69,222.09,174.09,163.38,277.12,300.12,314.88,142.84,286.01,161.53
106.38,84.63 ,96.87 ,157.28,122.26,153.53,109.23,121.27,162.51,140.72,169.13,142.26,112.51,155.15,115.30,173.53,171.01,151.70,158.29,113.72,229.10,193.47,201.62,148.96,200.83,218.48,159.38,213.10,198.56,174.92,244.95,139.83,167.66,115.94,164.22,254.21,264.05,180.69,223.58,135.31,172.19,205.25,153.34,126.37,262.82,143.69,192.43,202.60,162.62,233.00,175.70,151.04,263.44,147.58,216.65,260.46,278.87,249.84,184.23,235.99,147.79,166.68,279.19,184.35,238.98,197.23,175.80,185.77,143.78,191.43,251.63,231.68,193.46,265.39,210.32,222.46,145.08,272.31,214.69,239.57,272.21,175.50,313.15,231.52,252.02,269.48,226.65,259.19,166.57,269.29,272.50,195.85,262.62,175.99,203.95,221.97,179.67,287.93,249.66,224.92
98.47 ,129.03,137.21,101.93,187.76,185.87,144.85,88.48 ,101.04,135.89,140.63,144.45,163.38,124.99,191.27,186.73,104.18,177.32,180.18,200.01,127.37,200.11,168.53,181.30,134.99,232.41,134.62,206.10,200.58,213.20,168.10,132.85,251.83,235.09,147.06,180.99,239.46,166.35,244.70,136.48,214.50,131.07,208.68,233.46,228.97,228.86,255.94,207.27,283.04,191.56,148.66,183.99,159.04,316.78,236.01,244.99,144.86,162.78,275.98,205.99,219.73,241.90,136.58,191.21,246.72,281.74,240.07,177.50,192.58,217.01,263.53,291.54,304.31,232.82,193.39,214.92,260.51,173.15,265.09,221.35,273.62,182.46,172.12,190.34,260.01,317.87,268.60,234.72,297.69,164.77,201.52,205.42,260.84,185.24,234.72,190.05,217.06,181.69,211.60,137.27